{
    "_runtime": 39.307697057724,
    "_step": 0,
    "_timestamp": 1573054823.7662492,
    "Val loss": 2693.240103998614,
    "Train loss": 143.89678377241623
}
