{
    "Val loss": 0.3841139796471882,
    "_timestamp": 1572961359.569646,
    "_runtime": 645.2310645580292,
    "Train loss": 84.60447571592584,
    "_step": 1
}
