{
    "Train loss": 123.96133241007969,
    "Val loss": 1127.9254785327362,
    "_timestamp": 1573055000.466926,
    "_step": 0,
    "_runtime": 40.13780212402344
}
