{
    "Val loss": 0.09371601472992495,
    "_timestamp": 1573038979.766273,
    "_runtime": 2882.4987354278564,
    "_step": 3,
    "Train loss": 3.3223676559960733
}
