{
    "_runtime": 777.5885481834412,
    "Train loss": 54.41320245037116,
    "_step": 1,
    "Val loss": 0.11246424088940798,
    "_timestamp": 1572971206.6455588
}
