{
    "Val loss": 0.10728218249020002,
    "_step": 1,
    "_timestamp": 1573030835.2775748,
    "Train loss": 5.919514635361975,
    "_runtime": 1395.3340582847595
}
