{
    "Train loss": 70.14368165950324,
    "_step": 0,
    "Val loss": 0.08995635884371675,
    "_timestamp": 1573129022.8719616,
    "_runtime": 407.6679964065552
}
