{
    "_timestamp": 1573030835.293079,
    "Train loss": 5.48834845269343,
    "Val loss": 0.11188374768850588,
    "_runtime": 1396.1661949157715,
    "_step": 1
}
