{
    "_timestamp": 1572960642.337295,
    "_runtime": 20.287370443344116,
    "Val loss": 990.9651782408254,
    "Train loss": 440.7902220490232,
    "_step": 1
}
