{
    "_runtime": 2602.7943806648254,
    "Train loss": 4.377882665422983,
    "Val loss": 0.17286368084664963,
    "_step": 3,
    "_timestamp": 1572973879.0147483
}
