{
    "_timestamp": 1573055118.0647545,
    "_step": 0,
    "Train loss": 144.76702016955312,
    "Val loss": 520.734435896129,
    "_runtime": 39.32801580429077
}
