{
    "_runtime": 730.1573569774628,
    "Train loss": 27.489966316172683,
    "Val loss": 0.11265369105869918,
    "_timestamp": 1573032723.7909386,
    "_step": 0
}
