{
    "_timestamp": 1573039029.429739,
    "_step": 3,
    "Train loss": 2.6382724711705214,
    "_runtime": 2931.0754828453064,
    "Val loss": 0.10337384943866533
}
