{
    "SiamRPN": {
        "overall": {
            "sr": 0.025559701492537314,
            "succ_curve": [
                0.26063432835820893,
                0.2550373134328358,
                0.2503731343283582,
                0.2468283582089552,
                0.2421641791044776,
                0.23955223880597015,
                0.23227611940298507,
                0.2292910447761194,
                0.22611940298507463,
                0.21958955223880597,
                0.2162313432835821,
                0.21100746268656717,
                0.20205223880597015,
                0.18899253731343282,
                0.17779850746268658,
                0.16884328358208955,
                0.15746268656716417,
                0.14533582089552238,
                0.13899253731343283,
                0.1337686567164179,
                0.128544776119403,
                0.1248134328358209,
                0.12126865671641791,
                0.11753731343283583,
                0.11156716417910448,
                0.10597014925373134,
                0.10223880597014925,
                0.09720149253731343,
                0.09421641791044776,
                0.08973880597014926,
                0.08432835820895522,
                0.08078358208955223,
                0.07686567164179105,
                0.07276119402985075,
                0.06921641791044776,
                0.0664179104477612,
                0.06417910447761194,
                0.06175373134328358,
                0.05914179104477612,
                0.05559701492537313,
                0.05298507462686567,
                0.04869402985074627,
                0.045895522388059704,
                0.04123134328358209,
                0.03787313432835821,
                0.03544776119402985,
                0.03264925373134328,
                0.030783582089552237,
                0.028358208955223882,
                0.027425373134328357,
                0.025559701492537314,
                0.022388059701492536,
                0.019776119402985074,
                0.018470149253731343,
                0.017350746268656715,
                0.01585820895522388,
                0.013992537313432836,
                0.0125,
                0.011380597014925373,
                0.010261194029850746,
                0.009888059701492537,
                0.009514925373134328,
                0.008395522388059701,
                0.007462686567164179,
                0.006716417910447761,
                0.006343283582089552,
                0.006156716417910448,
                0.005783582089552239,
                0.005597014925373134,
                0.005037313432835821,
                0.0046641791044776115,
                0.004291044776119403,
                0.004291044776119403,
                0.004291044776119403,
                0.003917910447761194,
                0.0035447761194029852,
                0.0033582089552238806,
                0.003171641791044776,
                0.002798507462686567,
                0.0026119402985074628,
                0.002238805970149254,
                0.002052238805970149,
                0.0014925373134328358,
                0.001119402985074627,
                0.0007462686567164179,
                0.0007462686567164179,
                0.0005597014925373135,
                0.00018656716417910448,
                0.00018656716417910448,
                0.0,
                0.0,
                0.0,
                0.0,
                0.0,
                0.0,
                0.0,
                0.0,
                0.0,
                0.0,
                0.0,
                0.0
            ],
            "speed_fps": 91.75495727356416,
            "ao": 0.06465217125320605
        },
        "seq_wise": {
            "car10": {
                "sr": 0.004739336492890996,
                "length": 211,
                "speed_fps": 96.93973547390449,
                "ao": 0.003123335132834323
            },
            "aftertree": {
                "sr": 0.003205128205128205,
                "length": 312,
                "speed_fps": 104.87217809142204,
                "ao": 0.007012639102452998
            },
            "afterrain": {
                "sr": 0.02459016393442623,
                "length": 122,
                "speed_fps": 100.58436250559514,
                "ao": 0.024011191204833977
            },
            "bluebike": {
                "sr": 0.007692307692307693,
                "length": 260,
                "speed_fps": 90.132903431351,
                "ao": 0.16905452502606488
            },
            "blackwoman": {
                "sr": 0.03822937625754527,
                "length": 497,
                "speed_fps": 97.115874148166,
                "ao": 0.10763721944526788
            },
            "bike": {
                "sr": 0.009036144578313253,
                "length": 332,
                "speed_fps": 83.627972109946,
                "ao": 0.010222846486236826
            },
            "call": {
                "sr": 0.0,
                "length": 218,
                "speed_fps": 92.59350139816424,
                "ao": 0.0
            },
            "bikeman": {
                "sr": 0.03409090909090909,
                "length": 176,
                "speed_fps": 107.98090388949628,
                "ao": 0.10363194246028212
            },
            "balancebike": {
                "sr": 0.03571428571428571,
                "length": 224,
                "speed_fps": 105.48465787357767,
                "ao": 0.03851209368400106
            },
            "blueCar": {
                "sr": 0.003355704697986577,
                "length": 298,
                "speed_fps": 87.80351733895603,
                "ao": 0.04202384783350956
            },
            "biketwo": {
                "sr": 0.0030120481927710845,
                "length": 332,
                "speed_fps": 92.16837024963189,
                "ao": 0.002444776588848853
            },
            "bicyclecity": {
                "sr": 0.010676156583629894,
                "length": 281,
                "speed_fps": 94.64476313532407,
                "ao": 0.012321453749753615
            },
            "baketballwaliking": {
                "sr": 0.07692307692307693,
                "length": 221,
                "speed_fps": 95.46668556471651,
                "ao": 0.08281743312521313
            },
            "basketball2": {
                "sr": 0.0,
                "length": 74,
                "speed_fps": 102.57156071904417,
                "ao": 0.0011812711476109497
            },
            "baby": {
                "sr": 0.05167173252279635,
                "length": 658,
                "speed_fps": 91.30883383761493,
                "ao": 0.04544145106014824
            },
            "baginhand": {
                "sr": 0.010752688172043012,
                "length": 279,
                "speed_fps": 93.96212347308288,
                "ao": 0.014246334062602577
            },
            "boundaryandfast": {
                "sr": 0.0,
                "length": 189,
                "speed_fps": 86.69449755858047,
                "ao": 0.0028724551786150393
            },
            "bikemove1": {
                "sr": 0.040229885057471264,
                "length": 174,
                "speed_fps": 92.43641916013851,
                "ao": 0.052497745613455764
            },
            "bus6": {
                "sr": 0.022727272727272728,
                "length": 88,
                "speed_fps": 71.53418829553381,
                "ao": 0.17195632197148572
            },
            "car": {
                "sr": 0.06280193236714976,
                "length": 414,
                "speed_fps": 65.09403633852668,
                "ao": 0.28786832643303395
            }
        }
    }
}