{
    "_timestamp": 1573057017.964999,
    "Val loss": 0.10413057925481134,
    "_runtime": 1457.993707895279,
    "_step": 1,
    "Train loss": 11.345893214215158
}
