{
    "Val loss": 0.3594534308346571,
    "_timestamp": 1572959743.849474,
    "Train loss": 86.35261223552716,
    "_runtime": 354.65918946266174,
    "_step": 1
}
