{
    "SiamRPN": {
        "seq_wise": {
            "afterrain": {
                "sr": 0.00819672131147541,
                "speed_fps": 137.32876961132527,
                "length": 122,
                "ao": 0.025280939909175733
            },
            "bus6": {
                "sr": 0.022727272727272728,
                "speed_fps": 111.52269979765721,
                "length": 88,
                "ao": 0.18832016739363527
            },
            "bluebike": {
                "sr": 0.019230769230769232,
                "speed_fps": 150.93935626513257,
                "length": 260,
                "ao": 0.10125477529772878
            },
            "basketball2": {
                "sr": 0.013513513513513514,
                "speed_fps": 136.51583169559484,
                "length": 74,
                "ao": 0.010428123854532612
            },
            "car10": {
                "sr": 0.009478672985781991,
                "speed_fps": 140.13744770713188,
                "length": 211,
                "ao": 0.010160258680203444
            },
            "bicyclecity": {
                "sr": 0.10676156583629894,
                "speed_fps": 149.01056774951758,
                "length": 281,
                "ao": 0.09809577743610985
            },
            "aftertree": {
                "sr": 0.00641025641025641,
                "speed_fps": 159.65051400635716,
                "length": 312,
                "ao": 0.00938053681394314
            },
            "baketballwaliking": {
                "sr": 0.0,
                "speed_fps": 121.98582364055905,
                "length": 221,
                "ao": 3.3301760785197805e-05
            },
            "baginhand": {
                "sr": 0.010752688172043012,
                "speed_fps": 136.16341819875353,
                "length": 279,
                "ao": 0.018712495320244917
            },
            "bikeman": {
                "sr": 0.005681818181818182,
                "speed_fps": 159.10948679488,
                "length": 176,
                "ao": 0.00512305912801798
            },
            "blueCar": {
                "sr": 0.07718120805369127,
                "speed_fps": 121.1307043914029,
                "length": 298,
                "ao": 0.260403513581411
            },
            "boundaryandfast": {
                "sr": 0.010582010582010581,
                "speed_fps": 124.30949569212218,
                "length": 189,
                "ao": 0.006605977263030704
            },
            "call": {
                "sr": 0.0,
                "speed_fps": 160.78330867749378,
                "length": 218,
                "ao": 0.0009349985200550234
            },
            "bikemove1": {
                "sr": 0.005747126436781609,
                "speed_fps": 129.0227056416385,
                "length": 174,
                "ao": 0.018909315409038473
            },
            "bike": {
                "sr": 0.012048192771084338,
                "speed_fps": 125.58296291829674,
                "length": 332,
                "ao": 0.01956022907283536
            },
            "baby": {
                "sr": 0.010638297872340425,
                "speed_fps": 134.60042630234733,
                "length": 658,
                "ao": 0.010915049168269783
            },
            "biketwo": {
                "sr": 0.0030120481927710845,
                "speed_fps": 138.5657532287403,
                "length": 332,
                "ao": 0.002448588515680715
            },
            "blackwoman": {
                "sr": 0.006036217303822937,
                "speed_fps": 139.00952909640594,
                "length": 497,
                "ao": 0.00799718626878632
            },
            "car": {
                "sr": 0.03864734299516908,
                "speed_fps": 85.78453674220448,
                "length": 414,
                "ao": 0.17831530066001677
            },
            "balancebike": {
                "sr": 0.004464285714285714,
                "speed_fps": 124.05647779638548,
                "length": 224,
                "ao": 0.005623284260211505
            }
        },
        "overall": {
            "sr": 0.01958955223880597,
            "speed_fps": 133.55969876412286,
            "succ_curve": [
                0.1919776119402985,
                0.18973880597014925,
                0.18861940298507462,
                0.1876865671641791,
                0.1869402985074627,
                0.18507462686567164,
                0.18227611940298508,
                0.18134328358208956,
                0.1796641791044776,
                0.1761194029850746,
                0.17201492537313434,
                0.16529850746268657,
                0.1537313432835821,
                0.1457089552238806,
                0.13526119402985073,
                0.12705223880597014,
                0.12126865671641791,
                0.11492537313432835,
                0.11156716417910448,
                0.10634328358208955,
                0.10205223880597016,
                0.0958955223880597,
                0.08973880597014926,
                0.08432835820895522,
                0.07854477611940298,
                0.07350746268656716,
                0.06828358208955224,
                0.06548507462686567,
                0.0625,
                0.05988805970149254,
                0.057276119402985076,
                0.054850746268656714,
                0.04682835820895522,
                0.03955223880597015,
                0.038432835820895524,
                0.03675373134328358,
                0.03470149253731343,
                0.032276119402985075,
                0.030410447761194028,
                0.029477611940298507,
                0.028171641791044776,
                0.027238805970149254,
                0.026492537313432835,
                0.025,
                0.024440298507462686,
                0.023507462686567164,
                0.022014925373134327,
                0.022014925373134327,
                0.020895522388059702,
                0.020522388059701493,
                0.01958955223880597,
                0.019029850746268655,
                0.01753731343283582,
                0.016791044776119403,
                0.01585820895522388,
                0.015671641791044775,
                0.014552238805970149,
                0.013992537313432836,
                0.013619402985074627,
                0.013246268656716418,
                0.012686567164179104,
                0.011940298507462687,
                0.011194029850746268,
                0.011007462686567163,
                0.010261194029850746,
                0.010074626865671642,
                0.009328358208955223,
                0.008955223880597015,
                0.00876865671641791,
                0.008582089552238806,
                0.008208955223880597,
                0.007649253731343284,
                0.006902985074626866,
                0.006343283582089552,
                0.005597014925373134,
                0.00541044776119403,
                0.005037313432835821,
                0.004850746268656716,
                0.0046641791044776115,
                0.004291044776119403,
                0.004291044776119403,
                0.003917910447761194,
                0.0033582089552238806,
                0.003171641791044776,
                0.0029850746268656717,
                0.002425373134328358,
                0.002425373134328358,
                0.002052238805970149,
                0.0016791044776119403,
                0.0014925373134328358,
                0.0009328358208955224,
                0.0009328358208955224,
                0.0005597014925373135,
                0.00037313432835820896,
                0.00037313432835820896,
                0.00018656716417910448,
                0.0,
                0.0,
                0.0,
                0.0,
                0.0
            ],