{
    "_step": 3,
    "_runtime": 2615.941317796707,
    "_timestamp": 1572973891.4604201,
    "Val loss": 0.08380232528012906,
    "Train loss": 2.8516672493290858
}
